{
  "setting": {
    "es6": true,
    "postcss": true,
    "minified": true,
    "uglifyFileName": false,
    "enhance": true,
    "babelSetting": {
      "ignore": [],
      "disablePlugins": [],
      "outputPath": ""
    },
    "useCompilerPlugins": false,
    "minifyWXML": true,
    "packNpmManually": true,
    "packNpmRelationList":[
      {
        "packageJsonPath": "./package.json",
        "miniprogramNpmDistDir": "./"
      }
    ]
  },
  "compileType": "miniprogram",
  "simulatorPluginLibVersion": {},
  "packOptions": {
    "ignore": [],
    "include": []
  },
  "appid": "wxb720840a6c27c501",
  "editorSetting": {}
}