{
  "libVersion": "3.10.1",
  "projectname": "Ball",
  "setting": {
    "urlCheck": true,
    "coverView": true,
    "lazyloadPlaceholderEnable": false,
    "skylineRenderEnable": false,
    "preloadBackgroundData": false,
    "autoAudits": false,
    "showShadowRootInWxmlPanel": true,
    "compileHotReLoad": true
  },
  "condition": {
    "miniprogram": {
      "list": [
        {
          "name": "codemode",
          "pathName": "pages/activity/activity",
          "query": "",
          "scene": null,
          "launchMode": "default"
        }
      ]
    }
  }
}